EmployeeId,BusinessTravel,JobInvolvement,JobLevel,NumCompaniesWorked,OverTime,TotalWorkingYears,TrainingTimesLastYear,YearsAtCompany,YearsInCurrentRole,YearsSinceLastPromotion,YearsWithCurrManager,Attrition
2,Travel_Rarely,1,2,5,No,15,2,1,0,0,0,1.0
3,Travel_Rarely,3,1,9,Yes,18,2,10,0,2,7,1.0
4,Travel_Frequently,3,4,5,No,23,2,20,4,4,8,0.0
7,Travel_Rarely,1,2,2,Yes,6,2,4,3,0,2,0.0
8,Travel_Rarely,3,5,5,Yes,24,2,5,2,1,4,1.0
9,Travel_Frequently,3,1,1,No,8,2,8,1,1,7,0.0
10,Travel_Rarely,3,3,3,No,10,6,7,7,7,7,0.0
11,Travel_Rarely,2,2,1,No,5,1,5,2,0,3,0.0
12,Travel_Rarely,3,1,1,No,1,2,1,0,0,0,1.0
14,Travel_Rarely,3,4,2,No,16,2,1,0,0,0,0.0
15,Travel_Rarely,3,2,0,Yes,10,2,9,7,8,5,0.0
16,Non-Travel,1,2,7,Yes,17,3,13,11,1,9,0.0
17,Travel_Rarely,2,2,1,No,20,4,20,7,11,10,0.0
18,Travel_Rarely,3,5,4,No,24,4,4,2,1,2,0.0
20,Travel_Rarely,2,5,2,No,23,2,1,0,0,0,0.0
21,Travel_Rarely,4,1,1,Yes,6,3,6,5,1,4,0.0
22,Travel_Rarely,3,4,7,No,22,3,20,6,5,13,0.0
23,Non-Travel,3,2,7,No,16,3,14,3,1,10,0.0
24,Travel_Rarely,2,2,1,Yes,13,2,13,12,11,9,0.0
25,Travel_Rarely,3,1,2,Yes,6,2,2,0,2,0,1.0
28,Travel_Rarely,2,4,6,Yes,21,4,19,9,15,2,0.0
29,Travel_Rarely,3,1,8,No,7,2,2,2,2,2,0.0
31,Travel_Rarely,3,2,0,Yes,17,2,16,8,4,11,0.0
32,Travel_Rarely,3,2,1,No,10,4,10,7,8,9,0.0
33,Travel_Rarely,4,1,1,No,7,2,7,6,5,0,0.0
34,Travel_Frequently,3,1,3,No,5,3,3,2,1,2,1.0
35,Travel_Rarely,3,1,0,Yes,3,2,2,2,2,2,0.0
36,Non-Travel,3,2,4,No,7,6,1,0,0,0,0.0
37,Travel_Rarely,3,2,1,Yes,9,3,9,8,7,8,0.0
39,Non-Travel,3,2,1,No,5,3,5,4,0,4,0.0
40,Travel_Rarely,1,2,4,Yes,12,3,7,7,7,7,1.0
41,Travel_Rarely,3,1,7,No,4,2,2,2,2,2,0.0
42,Travel_Rarely,4,3,0,No,19,5,18,10,3,7,0.0
43,Travel_Rarely,4,1,0,No,6,5,5,4,0,3,0.0
44,Travel_Frequently,3,2,1,No,10,3,10,8,5,3,0.0
45,Travel_Rarely,3,1,1,No,1,0,1,1,0,0,1.0
46,Travel_Rarely,2,2,1,No,11,3,11,10,10,8,0.0
49,Travel_Frequently,2,3,0,No,10,2,9,7,1,8,0.0
50,Travel_Rarely,3,1,1,No,3,2,3,2,1,2,0.0
51,Travel_Rarely,3,3,3,No,17,3,8,5,1,6,0.0
54,Travel_Frequently,3,2,1,No,6,6,6,5,1,4,0.0
55,Travel_Frequently,3,1,6,Yes,7,2,2,2,2,2,1.0
57,Travel_Rarely,3,1,1,No,8,4,8,0,0,7,0.0
58,Travel_Rarely,3,2,1,No,10,2,10,7,0,8,0.0
59,Travel_Rarely,2,1,3,No,14,3,7,3,5,7,0.0
60,Travel_Frequently,3,3,6,No,12,2,10,6,8,8,0.0
61,Travel_Rarely,3,2,5,No,20,2,5,0,0,4,0.0
63,Travel_Rarely,1,1,3,No,7,2,2,2,0,2,0.0
64,Travel_Rarely,2,1,4,Yes,9,3,1,0,0,0,0.0
65,Travel_Rarely,2,3,5,No,17,2,14,1,11,7,1.0
68,Travel_Rarely,3,1,1,No,2,3,2,2,2,1,0.0
69,Travel_Rarely,1,2,8,No,7,2,4,3,1,3,1.0
71,Travel_Frequently,4,4,2,Yes,24,3,5,3,0,2,0.0
73,Travel_Rarely,3,2,5,Yes,9,2,4,3,1,3,0.0
74,Travel_Rarely,2,1,3,No,7,6,1,0,0,0,0.0
77,Non-Travel,3,2,2,No,11,5,5,3,0,2,0.0
78,Travel_Rarely,3,2,0,No,9,3,8,7,3,7,0.0
81,Travel_Rarely,3,1,1,No,1,3,1,0,0,0,1.0
82,Travel_Rarely,4,1,2,No,5,3,3,2,0,2,0.0
84,Travel_Rarely,3,2,2,No,16,4,6,2,0,5,0.0
85,Travel_Rarely,4,1,1,No,10,3,10,6,0,8,0.0
86,Travel_Rarely,1,3,2,Yes,24,2,7,7,0,7,0.0
88,Non-Travel,2,3,6,No,23,2,19,7,12,8,0.0
93,Travel_Rarely,3,3,3,No,24,4,1,0,1,0,0.0
95,Travel_Frequently,2,2,1,No,10,2,10,9,1,9,0.0
97,Travel_Rarely,4,2,0,No,13,2,12,9,2,8,0.0
99,Travel_Rarely,2,1,6,No,7,3,3,2,1,1,0.0
100,Non-Travel,3,1,0,No,4,2,3,0,0,2,0.0
101,Travel_Frequently,2,1,1,No,2,2,2,2,2,2,1.0
102,Travel_Frequently,1,1,0,No,3,3,2,2,1,0,1.0
104,Travel_Frequently,3,2,1,No,7,2,7,7,0,7,0.0
106,Travel_Rarely,1,1,1,No,7,4,7,7,1,7,0.0
107,Travel_Rarely,3,5,1,No,23,0,22,15,15,8,1.0
109,Travel_Frequently,3,2,3,No,15,2,13,11,4,7,0.0
110,Non-Travel,3,1,1,No,0,0,0,0,0,0,1.0
111,Travel_Rarely,3,1,1,No,7,2,7,7,0,3,0.0
112,Travel_Rarely,2,2,6,No,4,2,2,2,2,2,0.0
113,Travel_Rarely,3,1,5,Yes,8,2,5,4,0,4,1.0
114,Travel_Frequently,2,2,0,No,7,4,6,5,0,4,0.0
115,Travel_Frequently,1,1,1,No,10,5,10,7,2,8,0.0
117,Travel_Rarely,2,2,0,No,10,0,9,7,0,0,0.0
119,Non-Travel,3,3,1,No,9,6,9,5,7,7,0.0
121,Travel_Rarely,1,5,1,No,33,3,32,14,6,9,1.0
122,Travel_Rarely,4,2,4,No,10,3,8,7,7,7,0.0
123,Travel_Rarely,3,1,1,No,1,6,1,0,0,0,0.0
126,Non-Travel,4,2,8,No,6,2,4,2,1,2,1.0
127,Non-Travel,2,3,2,Yes,10,3,4,0,2,3,0.0
128,Travel_Rarely,1,5,3,No,25,2,8,7,0,7,0.0
129,Travel_Rarely,3,1,0,No,4,2,3,1,0,2,0.0
133,Travel_Rarely,2,2,2,Yes,8,5,1,0,0,0,0.0
134,Travel_Rarely,3,1,1,Yes,8,2,8,2,7,7,1.0
135,Travel_Rarely,2,1,0,No,6,2,5,3,0,4,0.0
136,Travel_Frequently,3,3,1,No,9,4,9,7,1,7,0.0
137,Travel_Rarely,2,2,4,No,9,2,1,0,0,0,0.0
138,Travel_Rarely,2,1,1,No,4,0,4,2,2,2,0.0
139,Travel_Frequently,3,1,4,No,13,2,9,8,5,8,0.0
140,Travel_Rarely,2,2,1,No,10,2,10,9,1,8,0.0
141,Travel_Rarely,2,5,6,No,25,3,1,0,0,0,0.0
142,Travel_Rarely,3,2,0,No,10,2,9,7,0,5,0.0
143,Travel_Rarely,2,2,1,No,14,2,14,8,3,11,0.0
146,Travel_Rarely,2,2,4,No,12,2,8,3,0,7,0.0
147,Travel_Rarely,3,2,2,No,8,3,5,2,0,3,0.0
149,Travel_Rarely,3,2,3,No,10,4,8,7,1,7,0.0
150,Travel_Frequently,4,1,4,No,18,2,3,2,1,2,0.0
152,Travel_Rarely,3,1,0,Yes,12,2,11,9,5,7,0.0
153,Non-Travel,3,4,1,No,10,2,10,8,6,0,0.0
154,Travel_Rarely,3,2,4,No,4,2,1,0,0,0,0.0
155,Travel_Frequently,3,3,3,Yes,20,6,1,0,0,0,0.0
156,Travel_Rarely,3,1,6,No,17,3,5,4,0,3,0.0
160,Travel_Frequently,3,1,0,No,3,3,2,2,2,1,0.0
161,Non-Travel,3,2,3,Yes,15,2,13,11,10,7,0.0
162,Travel_Rarely,3,2,4,Yes,17,3,3,0,1,0,0.0
163,Travel_Frequently,3,2,1,No,20,2,20,7,2,13,0.0
165,Travel_Rarely,3,2,4,No,12,3,9,7,7,3,1.0
166,Travel_Rarely,3,2,1,No,10,6,10,8,9,6,0.0
167,Travel_Rarely,2,1,1,No,0,2,0,0,0,0,0.0
168,Travel_Rarely,3,4,1,No,22,2,22,10,0,4,0.0
169,Travel_Frequently,3,2,7,No,11,4,1,0,0,0,0.0
170,Travel_Rarely,3,2,0,No,10,2,9,7,4,2,0.0
171,Travel_Rarely,3,4,3,No,21,6,7,7,1,0,0.0
172,Travel_Rarely,2,1,0,Yes,4,2,3,2,1,2,1.0
174,Travel_Rarely,2,3,9,No,10,3,5,4,0,1,0.0
175,Travel_Frequently,3,2,1,No,4,1,4,3,0,3,0.0
176,Travel_Frequently,3,1,0,No,4,3,3,2,1,2,1.0
177,Travel_Rarely,3,1,4,No,6,3,2,2,2,2,0.0
178,Travel_Rarely,3,1,1,No,4,5,4,2,2,2,0.0
179,Travel_Rarely,3,2,0,No,7,1,6,2,0,2,0.0
180,Travel_Rarely,3,1,1,No,2,3,2,2,2,2,0.0
181,Travel_Rarely,3,3,6,No,25,6,9,7,5,4,0.0
182,Non-Travel,3,3,3,No,13,2,6,4,0,5,0.0
184,Travel_Frequently,3,2,1,No,10,3,10,7,0,9,0.0
185,Travel_Frequently,3,3,9,Yes,11,2,3,2,0,2,1.0
186,Travel_Rarely,3,2,4,No,10,2,8,0,7,7,0.0
187,Travel_Rarely,3,1,5,No,8,3,3,2,2,2,0.0
189,Travel_Rarely,2,3,1,Yes,9,3,9,8,0,8,0.0
190,Travel_Rarely,3,3,8,No,10,1,1,0,0,0,0.0
191,Travel_Rarely,2,3,0,Yes,12,3,11,10,2,9,0.0
194,Travel_Frequently,4,1,0,No,3,4,2,2,2,2,0.0
195,Travel_Rarely,3,2,7,No,10,2,8,7,7,7,0.0
196,Travel_Rarely,4,4,3,Yes,23,2,12,11,11,11,0.0
197,Travel_Rarely,3,1,1,No,5,2,4,3,0,2,0.0
199,Travel_Rarely,2,1,1,No,1,6,1,0,1,0,1.0
203,Travel_Rarely,3,1,3,Yes,8,2,6,4,0,2,0.0
204,Travel_Rarely,3,3,4,No,28,1,7,7,4,3,1.0
205,Travel_Rarely,3,2,2,No,19,4,2,2,2,2,0.0
206,Travel_Rarely,3,1,2,No,7,2,4,2,0,2,0.0
207,Travel_Rarely,2,2,8,Yes,19,2,16,13,1,7,0.0
208,Travel_Rarely,3,1,8,Yes,7,0,4,2,0,2,0.0
210,Travel_Rarely,3,5,3,Yes,32,3,9,8,1,5,0.0
211,Non-Travel,3,2,0,No,10,2,9,5,8,7,0.0
213,Travel_Frequently,3,1,4,No,5,2,3,2,1,2,0.0
214,Travel_Rarely,4,1,0,Yes,7,5,6,2,0,5,0.0
215,Travel_Rarely,1,1,0,No,6,2,5,4,4,3,0.0
216,Travel_Rarely,4,1,1,Yes,1,2,1,0,0,1,0.0
217,Travel_Rarely,3,2,0,No,6,4,5,4,1,3,0.0
218,Travel_Rarely,1,3,1,No,14,2,14,8,9,8,1.0
219,Travel_Frequently,3,2,4,No,12,2,5,2,2,2,0.0
221,Travel_Rarely,2,2,7,No,9,2,6,2,1,3,0.0
223,Travel_Rarely,3,2,9,No,14,3,1,0,0,0,0.0
224,Travel_Rarely,3,2,0,Yes,12,2,11,9,4,7,0.0
225,Travel_Rarely,3,2,2,Yes,13,3,7,7,4,5,0.0
226,Travel_Rarely,3,2,1,No,20,3,20,16,11,6,0.0
227,Travel_Frequently,3,1,1,No,1,2,1,0,0,0,0.0
229,Travel_Rarely,2,1,1,Yes,1,2,1,0,0,0,1.0
230,Travel_Rarely,4,4,4,No,35,2,9,8,8,8,0.0
233,Travel_Rarely,3,1,1,No,2,2,2,2,2,2,0.0
234,Travel_Frequently,3,4,0,Yes,22,2,21,9,13,14,1.0
235,Travel_Frequently,2,1,1,No,6,3,5,2,1,3,0.0
236,Travel_Rarely,2,1,1,No,6,6,5,1,0,4,0.0
237,Travel_Rarely,3,4,5,Yes,22,3,17,13,1,9,0.0
239,Travel_Rarely,3,2,4,No,7,5,5,4,0,1,0.0
240,Travel_Rarely,2,2,4,No,10,1,2,2,0,2,0.0
241,Non-Travel,2,1,1,No,5,2,5,4,0,0,0.0
244,Travel_Rarely,3,2,1,No,7,1,7,5,0,7,0.0
245,Travel_Rarely,3,2,1,No,8,3,7,7,7,5,0.0
246,Travel_Rarely,3,2,5,No,6,1,3,2,1,2,0.0
247,Travel_Rarely,3,2,9,No,10,2,5,2,2,3,0.0
248,Travel_Rarely,4,1,7,No,6,3,4,3,0,1,0.0
249,Travel_Rarely,3,1,2,No,8,2,4,2,1,3,1.0
250,Travel_Rarely,3,5,5,No,33,5,29,8,11,10,0.0
251,Travel_Rarely,3,2,4,No,7,3,4,3,0,3,0.0
253,Travel_Rarely,3,1,2,No,8,6,6,2,0,1,0.0
255,Non-Travel,3,1,9,No,10,2,8,7,7,7,0.0
256,Travel_Rarely,3,4,0,No,21,5,20,7,0,9,0.0
258,Travel_Rarely,2,2,2,Yes,8,6,6,4,1,0,1.0
260,Travel_Rarely,2,2,1,Yes,6,1,6,4,0,3,1.0
262,Travel_Rarely,3,1,0,No,6,2,5,3,1,2,0.0
263,Travel_Rarely,3,2,1,Yes,10,2,10,6,0,7,0.0
264,Travel_Rarely,4,2,3,No,12,3,2,2,2,2,0.0
265,Travel_Rarely,3,4,9,No,32,1,5,4,1,3,0.0
266,Travel_Rarely,3,4,3,No,36,2,10,9,0,9,0.0
267,Travel_Rarely,3,1,1,No,1,3,1,0,0,0,0.0
268,Travel_Rarely,1,2,3,Yes,4,2,2,2,2,2,1.0
269,Travel_Rarely,3,2,4,Yes,12,3,1,0,0,0,1.0
270,Travel_Frequently,1,3,2,No,18,2,4,2,0,3,1.0
271,Non-Travel,2,1,3,No,7,5,5,2,0,3,0.0
272,Travel_Rarely,2,5,5,Yes,29,2,27,3,13,8,0.0
274,Travel_Rarely,3,2,1,No,10,3,10,4,0,9,0.0
275,Travel_Rarely,4,5,1,No,26,4,25,9,14,13,0.0
277,Travel_Rarely,2,4,2,No,31,3,25,8,3,7,0.0
279,Travel_Rarely,3,4,3,No,37,2,10,9,7,7,0.0
280,Non-Travel,3,2,1,Yes,6,1,5,3,1,3,0.0
281,Travel_Rarely,3,1,1,No,2,0,2,2,2,2,1.0
282,Travel_Rarely,2,3,0,No,15,2,14,8,7,8,0.0
283,Travel_Rarely,4,3,3,Yes,12,2,5,3,1,4,0.0
285,Travel_Rarely,2,2,1,No,10,2,10,4,1,8,0.0
286,Travel_Rarely,3,1,2,No,5,5,0,0,0,0,1.0
287,Travel_Rarely,2,2,4,No,9,3,3,2,0,2,0.0
288,Travel_Frequently,4,2,1,Yes,6,3,6,5,0,4,0.0
290,Travel_Rarely,3,1,4,Yes,7,3,3,2,0,2,1.0
292,Travel_Rarely,2,1,1,Yes,3,2,3,2,0,2,1.0
293,Non-Travel,2,4,9,No,22,1,20,8,11,8,0.0
294,Travel_Frequently,3,2,0,No,5,3,4,2,1,1,0.0
295,Travel_Rarely,3,4,7,No,22,2,18,16,11,8,0.0
296,Non-Travel,3,1,0,No,12,2,11,7,6,7,0.0
297,Non-Travel,3,1,1,No,1,3,1,0,0,0,0.0
298,Travel_Rarely,4,5,8,No,36,3,24,15,2,15,0.0
299,Travel_Rarely,3,2,1,No,10,3,10,4,1,1,1.0
300,Travel_Frequently,3,3,7,No,33,2,5,4,1,4,0.0
301,Travel_Rarely,3,1,1,Yes,6,4,6,4,0,2,1.0
302,Travel_Rarely,3,2,1,Yes,6,2,6,4,0,5,0.0
304,Non-Travel,2,1,0,No,3,2,2,2,2,2,0.0
306,Non-Travel,3,1,6,No,6,1,2,2,2,2,0.0
307,Travel_Rarely,2,1,3,Yes,6,1,3,2,0,2,0.0
308,Non-Travel,3,3,1,Yes,10,2,10,7,9,9,1.0
309,Non-Travel,2,1,1,Yes,1,2,1,1,0,0,1.0
310,Non-Travel,2,2,5,No,17,2,1,0,0,0,0.0
311,Travel_Rarely,3,4,4,Yes,33,0,19,16,15,9,0.0
315,Travel_Rarely,2,2,0,Yes,10,3,9,5,0,8,0.0
316,Travel_Rarely,2,3,3,No,19,2,10,8,0,1,0.0
317,Travel_Rarely,2,2,3,No,14,6,1,0,0,0,0.0
320,Travel_Rarely,3,3,8,No,22,2,10,7,0,8,0.0
321,Travel_Rarely,3,1,0,No,6,3,5,4,0,4,0.0
322,Travel_Frequently,2,2,1,No,7,2,7,7,0,7,0.0
323,Non-Travel,3,3,1,Yes,10,2,10,0,0,9,0.0
325,Travel_Rarely,3,2,3,No,10,3,7,7,1,7,0.0
327,Travel_Frequently,3,2,2,No,5,4,1,1,0,0,1.0
328,Travel_Rarely,3,4,6,No,22,3,4,1,1,0,0.0
329,Travel_Rarely,2,3,1,No,10,2,10,2,0,7,0.0
330,Travel_Rarely,3,3,5,No,10,2,8,4,7,7,0.0
331,Travel_Frequently,2,4,1,No,22,3,22,3,11,11,0.0
334,Travel_Frequently,4,4,9,No,36,0,7,7,7,7,0.0
335,Travel_Rarely,4,2,2,No,6,3,3,2,1,2,0.0
336,Non-Travel,4,2,7,No,10,3,4,3,0,3,0.0
337,Travel_Frequently,3,3,1,No,9,2,9,8,3,7,0.0
338,Travel_Frequently,3,2,1,No,10,2,10,8,4,7,0.0
339,Travel_Rarely,3,2,3,Yes,12,4,10,7,0,8,0.0
343,Non-Travel,1,1,1,No,3,4,3,2,1,2,0.0
344,Travel_Frequently,3,1,3,No,8,2,2,2,2,2,0.0
345,Travel_Frequently,3,1,5,No,10,3,5,4,0,0,0.0
347,Travel_Frequently,3,2,1,Yes,5,3,5,3,3,3,0.0
349,Travel_Rarely,4,5,0,No,25,2,24,0,1,7,0.0
350,Travel_Rarely,2,2,7,Yes,5,2,2,2,0,0,0.0
351,Travel_Rarely,3,3,3,Yes,12,2,9,7,0,7,0.0
352,Travel_Rarely,3,1,1,No,1,4,1,1,0,0,0.0
353,Travel_Rarely,2,3,7,No,15,2,12,11,2,11,0.0
355,Travel_Frequently,2,2,1,No,9,3,9,7,0,0,0.0
356,Non-Travel,2,1,1,No,1,3,1,0,0,0,0.0
357,Travel_Rarely,2,4,1,No,34,3,34,6,1,16,0.0
358,Travel_Rarely,3,2,1,No,16,2,15,11,5,11,0.0
359,Non-Travel,4,1,0,No,7,2,6,5,1,3,0.0
360,Travel_Frequently,3,1,7,No,8,1,3,2,1,2,0.0
362,Travel_Rarely,3,1,3,No,3,3,0,0,0,0,0.0
363,Travel_Rarely,3,4,2,Yes,21,2,5,0,0,2,0.0
364,Travel_Rarely,3,4,6,No,33,0,12,9,3,8,0.0
365,Travel_Frequently,2,2,0,No,14,3,13,9,4,9,0.0
366,Travel_Rarely,3,1,4,No,7,4,1,0,0,0,1.0
367,Travel_Frequently,3,2,0,No,7,1,6,2,0,4,0.0
368,Non-Travel,2,3,1,No,12,2,11,8,5,8,0.0
369,Travel_Rarely,3,1,3,No,8,2,5,4,1,4,0.0
370,Travel_Rarely,3,2,8,No,16,3,13,11,3,7,0.0
373,Travel_Frequently,3,2,5,No,5,2,0,0,0,0,0.0
374,Non-Travel,3,2,7,No,11,3,9,8,0,8,0.0
375,Travel_Rarely,3,1,1,No,0,6,0,0,0,0,0.0
377,Travel_Rarely,3,1,1,Yes,8,3,8,2,0,6,0.0
379,Travel_Rarely,3,2,1,No,16,3,16,13,2,10,0.0
381,Travel_Rarely,2,2,8,No,13,2,5,4,0,4,0.0
382,Travel_Rarely,3,2,9,No,12,3,10,9,9,8,0.0
385,Travel_Frequently,2,1,0,No,6,2,5,4,1,4,1.0
386,Travel_Rarely,3,2,8,Yes,19,1,1,0,0,0,0.0
388,Travel_Frequently,3,3,9,No,9,3,2,2,2,2,0.0
389,Travel_Rarely,3,1,1,Yes,3,2,3,2,0,2,0.0
391,Travel_Rarely,2,2,0,No,10,6,9,2,6,7,0.0
393,Travel_Rarely,3,3,0,No,10,0,9,7,1,6,0.0
394,Travel_Rarely,3,1,0,Yes,4,3,3,2,2,2,0.0
395,Travel_Rarely,3,1,1,No,1,6,1,0,0,0,0.0
399,Travel_Rarely,3,1,0,Yes,6,4,5,2,0,3,0.0
400,Travel_Frequently,3,1,1,No,8,3,8,3,0,7,0.0
401,Travel_Rarely,4,1,1,No,10,3,10,7,0,7,0.0
403,Travel_Rarely,3,3,1,No,10,3,10,4,1,9,1.0
404,Travel_Rarely,3,1,4,No,10,4,3,2,1,2,1.0
405,Travel_Rarely,2,1,1,No,5,3,5,4,4,3,0.0
406,Travel_Rarely,3,2,2,No,14,2,9,7,6,7,0.0
407,Travel_Rarely,3,2,3,Yes,19,2,3,2,2,2,0.0
409,Travel_Rarely,4,1,1,Yes,1,2,0,0,0,0,1.0
411,Travel_Rarely,3,4,3,Yes,22,2,12,11,1,5,0.0
412,Travel_Rarely,3,3,2,No,12,3,5,3,1,3,0.0
414,Travel_Rarely,4,1,9,No,8,3,3,2,0,2,0.0
415,Travel_Rarely,3,3,1,No,9,3,9,8,7,7,1.0
416,Travel_Frequently,3,2,4,No,15,2,11,8,5,10,0.0
417,Travel_Rarely,3,2,8,Yes,8,0,6,4,0,5,1.0
418,Travel_Rarely,3,2,3,No,10,2,5,1,4,3,0.0
419,Travel_Frequently,3,3,0,No,20,1,19,6,11,8,0.0
420,Travel_Frequently,1,1,1,Yes,10,5,10,2,6,7,1.0
421,Travel_Frequently,3,1,1,Yes,4,3,4,2,1,2,0.0
422,Travel_Rarely,3,1,4,Yes,7,2,5,2,0,1,1.0
424,Travel_Rarely,3,5,0,Yes,37,2,36,10,4,13,0.0
425,Travel_Rarely,4,1,3,No,4,2,1,0,0,0,0.0
426,Travel_Rarely,3,2,9,No,15,2,11,9,6,9,0.0
427,Travel_Frequently,2,3,2,Yes,21,5,10,9,9,5,0.0
429,Travel_Rarely,3,1,5,No,7,2,1,0,0,0,0.0
430,Non-Travel,2,1,0,No,6,2,5,2,3,4,0.0
431,Travel_Rarely,3,5,2,Yes,29,2,8,1,7,7,0.0
432,Non-Travel,2,1,6,No,5,3,3,0,0,2,0.0
433,Travel_Rarely,2,1,1,No,6,3,6,5,1,3,0.0
434,Travel_Rarely,4,1,0,No,8,2,7,7,0,7,0.0
435,Travel_Frequently,4,2,2,No,10,3,5,3,1,3,0.0
438,Travel_Frequently,3,1,0,No,3,0,2,1,0,2,0.0
439,Travel_Rarely,3,1,4,No,8,6,3,2,0,2,0.0
440,Travel_Rarely,3,3,4,Yes,10,2,8,7,0,0,0.0
441,Travel_Rarely,2,2,4,No,9,5,6,2,0,4,0.0
442,Travel_Frequently,4,2,6,Yes,17,2,15,7,4,12,0.0
443,Travel_Rarely,3,4,1,Yes,21,3,21,9,11,10,0.0
444,Travel_Rarely,3,1,0,No,15,5,14,10,4,10,0.0
446,Travel_Rarely,2,2,5,No,13,2,6,1,0,5,0.0
447,Travel_Rarely,3,2,1,Yes,18,1,18,14,4,11,0.0
448,Travel_Frequently,3,3,1,Yes,10,1,10,8,0,7,0.0
450,Travel_Rarely,3,1,1,No,5,3,5,3,0,2,0.0
451,Travel_Rarely,2,5,1,Yes,31,5,31,9,0,9,0.0
452,Travel_Rarely,2,1,1,Yes,6,3,6,5,1,3,0.0
456,Travel_Rarely,3,3,0,Yes,9,2,8,7,4,7,1.0
457,Travel_Frequently,3,3,1,No,9,0,9,8,1,7,0.0
458,Travel_Rarely,2,3,7,No,27,3,15,11,4,8,0.0
459,Travel_Rarely,3,1,2,No,7,2,5,0,1,4,0.0
460,Travel_Frequently,3,1,1,No,12,2,11,10,0,7,0.0
461,Non-Travel,2,2,9,No,5,5,3,2,0,2,0.0
463,Travel_Rarely,3,2,1,No,11,2,11,7,1,8,0.0
464,Travel_Rarely,3,1,1,Yes,1,5,1,0,1,1,1.0
466,Travel_Rarely,2,1,0,Yes,2,0,1,0,0,0,1.0
468,Travel_Frequently,3,3,1,No,10,3,10,7,0,8,0.0
469,Travel_Rarely,2,2,1,No,5,6,4,2,3,2,0.0
470,Travel_Rarely,3,1,1,No,1,2,1,0,0,1,0.0
471,Travel_Rarely,4,2,0,No,9,2,8,3,0,7,0.0
472,Travel_Rarely,3,2,8,No,10,1,2,2,2,2,0.0
473,Travel_Frequently,4,2,1,Yes,20,3,19,10,2,7,0.0
474,Travel_Rarely,2,5,3,No,23,2,21,6,12,6,0.0
475,Travel_Rarely,3,1,8,No,6,2,4,3,1,2,0.0
476,Travel_Rarely,2,1,6,No,8,5,4,3,0,3,0.0
477,Travel_Frequently,3,3,6,No,17,5,1,0,0,0,1.0
480,Travel_Frequently,3,2,3,Yes,17,3,8,7,6,7,0.0
481,Travel_Rarely,2,2,1,Yes,10,1,10,8,3,0,0.0
484,Travel_Rarely,3,2,1,No,6,5,5,3,1,4,0.0
485,Travel_Rarely,1,1,1,Yes,7,4,7,7,0,7,1.0
486,Travel_Rarely,3,1,5,No,6,5,2,2,0,2,1.0
488,Travel_Rarely,3,1,1,No,18,2,18,7,12,17,0.0
489,Travel_Rarely,2,1,0,No,6,3,5,4,0,3,0.0
490,Non-Travel,2,1,6,No,5,2,1,0,0,0,1.0
491,Travel_Rarely,3,2,3,Yes,15,3,5,4,0,1,0.0
492,Travel_Rarely,3,3,1,No,15,3,15,12,5,11,0.0
494,Travel_Rarely,3,1,3,No,8,3,0,0,0,0,0.0
495,Travel_Rarely,3,4,2,No,29,2,20,6,4,17,0.0
496,Travel_Rarely,4,2,4,Yes,13,2,7,7,6,7,0.0
497,Travel_Frequently,2,1,1,Yes,1,5,1,0,1,0,1.0
498,Travel_Rarely,3,1,3,No,8,2,5,3,0,2,0.0
499,Travel_Rarely,3,1,1,No,1,3,1,0,0,0,1.0
500,Travel_Rarely,3,2,3,Yes,18,3,10,9,6,9,0.0
501,Travel_Rarely,2,3,8,No,26,2,5,2,0,0,0.0
505,Travel_Rarely,3,1,1,Yes,0,2,0,0,0,0,1.0
507,Non-Travel,4,2,0,No,5,5,4,2,1,3,0.0
508,Travel_Rarely,3,1,0,No,3,3,2,2,2,2,0.0
510,Travel_Frequently,3,5,1,No,24,4,24,7,14,9,0.0
511,Travel_Frequently,3,1,1,Yes,8,3,8,7,3,0,0.0
512,Travel_Rarely,2,2,1,No,7,2,7,5,0,7,0.0
513,Travel_Frequently,3,5,1,Yes,21,3,21,8,1,6,0.0
514,Travel_Frequently,4,2,2,No,17,2,15,7,6,13,0.0
515,Travel_Rarely,2,3,6,No,20,2,4,3,1,3,0.0
516,Travel_Rarely,3,3,0,No,14,3,13,9,3,7,0.0
517,Travel_Frequently,3,2,3,Yes,10,3,8,7,4,7,0.0
519,Travel_Rarely,3,2,1,No,11,2,10,8,1,9,0.0
521,Travel_Rarely,2,1,7,No,10,4,5,3,0,3,1.0
525,Travel_Rarely,3,2,0,No,4,2,3,2,2,2,0.0
526,Travel_Rarely,3,4,0,No,23,3,22,6,13,7,0.0
527,Travel_Rarely,3,2,7,No,9,3,1,0,0,0,1.0
528,Travel_Rarely,3,2,1,Yes,6,2,6,0,1,0,0.0
529,Travel_Rarely,3,3,1,No,10,2,10,7,7,8,0.0
531,Travel_Rarely,3,5,0,No,22,5,21,7,3,9,0.0
532,Travel_Rarely,3,5,7,Yes,40,2,31,15,13,8,1.0
534,Travel_Rarely,2,5,1,No,21,2,20,7,4,9,0.0
536,Travel_Rarely,3,3,2,No,12,2,10,9,7,4,0.0
537,Travel_Rarely,3,2,5,No,6,3,3,2,0,2,1.0
539,Non-Travel,1,2,0,No,6,2,5,4,1,4,0.0
540,Non-Travel,3,2,7,Yes,10,3,8,4,1,7,0.0
543,Travel_Rarely,4,1,4,Yes,12,3,1,0,0,0,0.0
544,Travel_Frequently,2,2,3,No,20,2,4,3,1,3,1.0
546,Travel_Rarely,2,2,1,No,5,0,5,3,0,4,0.0
547,Travel_Rarely,3,3,3,No,10,0,7,7,1,7,0.0
549,Travel_Rarely,2,1,5,Yes,6,4,4,2,0,3,1.0
550,Travel_Frequently,3,1,0,No,7,2,6,4,0,4,1.0
551,Non-Travel,3,2,1,No,9,2,9,8,0,0,0.0
552,Non-Travel,1,3,3,No,20,2,1,0,0,1,0.0
553,Travel_Rarely,3,1,9,No,4,2,2,2,2,2,0.0
554,Travel_Frequently,3,5,3,Yes,28,1,8,3,0,7,0.0
556,Travel_Rarely,3,3,7,Yes,15,2,7,6,7,7,1.0
557,Travel_Frequently,3,3,5,No,28,3,2,2,1,2,0.0
558,Travel_Rarely,2,1,4,Yes,5,0,2,2,2,2,1.0
559,Travel_Rarely,3,3,4,No,16,3,5,2,0,2,0.0
561,Travel_Rarely,3,2,5,No,8,5,0,0,0,0,0.0
563,Travel_Rarely,3,5,3,No,32,3,7,0,0,6,0.0
565,Travel_Rarely,2,3,7,Yes,31,0,10,9,5,9,1.0
566,Travel_Rarely,2,1,1,No,4,3,4,2,3,2,0.0
567,Travel_Frequently,2,1,1,No,5,5,5,3,1,3,0.0
568,Travel_Frequently,3,1,9,Yes,3,4,1,0,0,0,1.0
570,Travel_Frequently,3,2,0,No,5,2,4,3,0,3,0.0
572,Travel_Rarely,3,3,3,Yes,14,1,6,4,0,4,0.0
573,Travel_Rarely,3,4,0,Yes,21,2,20,7,4,10,0.0
576,Travel_Rarely,2,3,2,Yes,24,3,6,0,0,4,0.0
577,Travel_Rarely,3,1,1,No,5,2,5,2,0,2,0.0
578,Travel_Rarely,2,2,1,No,10,3,10,3,1,4,0.0
579,Travel_Frequently,3,2,4,Yes,14,4,9,6,0,8,0.0
580,Travel_Frequently,3,1,1,Yes,3,2,3,2,2,2,1.0
581,Travel_Rarely,2,1,1,No,1,3,1,0,0,0,1.0
582,Travel_Rarely,3,1,1,No,2,6,2,2,2,2,0.0
583,Non-Travel,4,1,1,Yes,1,2,1,0,0,0,0.0
584,Travel_Rarely,2,1,9,Yes,6,3,1,1,0,0,0.0
585,Travel_Frequently,3,1,0,No,9,5,8,7,1,7,0.0
586,Travel_Frequently,3,1,1,Yes,10,3,10,2,7,8,1.0
587,Travel_Frequently,2,3,4,No,22,5,18,13,13,11,0.0
588,Travel_Rarely,3,2,0,Yes,4,3,3,2,0,2,0.0
589,Travel_Rarely,3,1,7,Yes,8,2,2,2,2,2,1.0
590,Travel_Rarely,2,3,0,Yes,9,2,8,7,2,7,0.0
593,Travel_Rarely,1,1,7,No,8,2,4,3,1,3,1.0
594,Travel_Rarely,2,2,1,Yes,5,3,5,4,1,3,0.0
595,Travel_Rarely,3,2,2,No,20,0,3,2,1,2,0.0
597,Travel_Rarely,3,1,1,No,6,3,6,3,0,4,0.0
598,Travel_Rarely,2,4,1,No,25,3,25,10,3,9,0.0
599,Travel_Frequently,3,4,7,No,16,3,14,8,6,9,0.0
601,Travel_Rarely,3,1,1,Yes,1,2,1,1,0,0,0.0
602,Travel_Rarely,4,1,1,No,2,3,2,2,0,2,0.0
603,Travel_Rarely,3,1,0,Yes,6,3,5,3,4,3,0.0
604,Travel_Rarely,3,1,1,No,3,1,3,2,0,2,0.0
605,Travel_Rarely,2,3,1,Yes,16,6,16,7,3,7,1.0
606,Travel_Rarely,3,1,1,No,4,2,4,2,0,2,0.0
607,Travel_Rarely,3,2,1,No,6,5,6,5,1,4,0.0
609,Non-Travel,4,1,4,No,7,3,5,4,2,2,0.0
610,Travel_Rarely,1,1,4,Yes,10,1,7,7,1,0,1.0
611,Travel_Rarely,3,2,0,No,5,4,4,3,1,1,0.0
613,Travel_Rarely,3,4,2,No,31,2,5,2,1,4,0.0
614,Travel_Frequently,2,3,4,No,16,2,13,9,1,12,0.0
617,Travel_Rarely,4,2,1,No,8,2,8,7,1,3,0.0
618,Travel_Frequently,3,1,2,No,18,4,5,4,0,3,0.0
619,Travel_Frequently,3,1,1,Yes,5,4,5,3,2,0,0.0
620,Travel_Rarely,2,1,0,No,3,3,2,2,1,2,0.0
621,Travel_Rarely,3,1,0,No,16,4,15,13,10,11,0.0
623,Travel_Rarely,2,1,1,No,6,2,5,3,1,3,0.0
626,Travel_Rarely,2,3,1,No,11,3,11,8,3,10,1.0
627,Travel_Rarely,3,1,0,Yes,6,3,5,2,1,1,0.0
628,Travel_Frequently,1,1,1,No,1,3,1,0,0,0,1.0
629,Travel_Frequently,2,2,3,No,7,5,2,2,2,2,0.0
631,Non-Travel,2,3,1,No,10,1,10,7,0,9,0.0
632,Travel_Rarely,3,1,3,No,7,3,4,2,0,3,0.0
633,Travel_Rarely,3,1,0,No,3,2,2,1,2,1,0.0
634,Travel_Rarely,4,1,1,No,8,2,8,7,0,7,0.0
635,Travel_Rarely,3,3,1,Yes,11,2,11,9,4,10,0.0
637,Travel_Rarely,3,3,9,Yes,10,2,8,7,7,7,1.0
638,Travel_Rarely,3,1,1,No,5,3,5,2,0,4,0.0
639,Travel_Rarely,3,1,7,Yes,8,2,6,4,1,3,0.0
645,Travel_Rarely,1,2,4,No,16,3,1,0,0,0,0.0
646,Non-Travel,1,1,2,No,6,3,0,0,0,0,0.0
647,Travel_Rarely,3,1,1,No,1,5,1,0,0,0,0.0
649,Travel_Rarely,3,2,1,Yes,6,2,6,5,0,1,0.0
651,Travel_Rarely,2,1,1,No,1,3,1,0,1,0,1.0
652,Travel_Rarely,2,1,6,Yes,7,3,0,0,0,0,1.0
653,Travel_Rarely,2,1,1,No,1,3,1,0,0,0,0.0
654,Travel_Rarely,3,1,4,No,8,5,1,0,0,0,0.0
655,Travel_Frequently,2,3,3,No,23,1,13,12,12,8,0.0
656,Travel_Rarely,4,2,6,Yes,18,2,1,0,0,0,0.0
657,Travel_Rarely,3,2,1,No,12,0,11,8,5,7,0.0
658,Travel_Frequently,1,2,0,No,9,2,8,7,0,7,0.0
659,Travel_Rarely,3,1,1,No,1,2,1,0,0,0,0.0
661,Travel_Rarely,4,3,0,Yes,10,3,9,8,0,8,0.0
662,Travel_Rarely,3,2,1,Yes,9,0,9,0,0,7,0.0
664,Travel_Rarely,2,1,1,Yes,1,2,1,0,0,0,1.0
665,Travel_Rarely,2,1,5,No,6,2,2,2,1,1,1.0
666,Travel_Frequently,3,2,1,No,5,3,5,2,0,2,0.0
667,Travel_Rarely,3,1,9,No,6,4,3,2,1,2,0.0
668,Travel_Rarely,3,2,9,No,4,3,2,2,2,0,1.0
669,Travel_Rarely,3,1,2,No,6,5,4,3,1,2,0.0
670,Non-Travel,1,2,0,No,10,6,9,8,7,5,0.0
672,Travel_Rarely,4,3,7,No,10,6,7,7,6,2,0.0
673,Travel_Rarely,3,2,3,No,7,3,0,0,0,0,0.0
674,Travel_Rarely,2,2,2,Yes,13,2,3,2,0,2,0.0
675,Travel_Rarely,2,5,0,No,34,5,33,18,11,9,0.0
677,Travel_Frequently,3,2,5,No,10,5,6,2,1,2,0.0
678,Travel_Rarely,3,2,2,Yes,9,5,4,2,1,3,0.0
680,Travel_Rarely,3,2,0,Yes,4,3,3,2,0,2,1.0
681,Travel_Rarely,2,1,0,Yes,5,2,4,2,2,3,0.0
682,Travel_Rarely,3,2,0,Yes,6,3,5,2,0,3,1.0
683,Travel_Frequently,3,5,1,No,32,2,32,5,10,7,0.0
684,Travel_Frequently,3,4,2,No,32,3,2,2,2,2,0.0
685,Travel_Rarely,3,2,2,No,15,2,3,2,1,2,0.0
687,Travel_Frequently,3,2,0,Yes,5,0,4,2,3,2,1.0
689,Travel_Rarely,3,3,1,Yes,9,2,9,1,0,8,0.0
691,Travel_Rarely,4,2,4,No,13,4,7,7,5,7,0.0
692,Non-Travel,2,5,1,Yes,33,2,33,7,15,12,0.0
694,Travel_Rarely,2,2,0,No,6,3,5,0,1,4,0.0
696,Non-Travel,3,2,0,No,8,2,7,7,0,7,0.0
697,Travel_Rarely,3,2,4,No,10,1,8,7,7,7,0.0
699,Travel_Rarely,3,1,3,No,10,4,4,2,0,3,0.0
700,Travel_Rarely,3,5,3,No,28,4,10,4,1,6,0.0
702,Travel_Rarely,2,5,2,No,26,2,11,4,0,8,0.0
703,Travel_Rarely,1,1,1,No,4,3,4,3,1,1,0.0
704,Travel_Frequently,3,3,1,No,11,5,11,10,4,1,0.0
705,Travel_Rarely,4,1,1,Yes,4,2,4,2,2,2,0.0
708,Travel_Rarely,3,4,8,No,28,2,26,15,15,9,0.0
710,Travel_Rarely,2,3,1,No,10,3,10,9,0,9,0.0
712,Travel_Frequently,3,2,1,No,10,2,10,3,9,9,0.0
713,Travel_Rarely,3,1,4,No,13,2,9,8,1,8,0.0
715,Non-Travel,3,2,3,No,11,2,8,7,0,7,0.0
718,Non-Travel,3,3,1,Yes,10,5,10,8,9,6,0.0
720,Travel_Frequently,3,3,4,No,16,3,2,2,2,1,0.0
721,Travel_Rarely,3,4,1,Yes,33,2,33,9,0,10,0.0
722,Travel_Frequently,2,3,1,No,10,2,10,9,8,9,0.0
723,Travel_Rarely,3,2,8,No,20,2,17,9,0,15,0.0
724,Non-Travel,3,1,0,No,5,3,4,3,1,2,0.0
725,Travel_Rarely,3,3,1,No,40,3,40,10,15,6,1.0
726,Travel_Rarely,3,1,5,Yes,8,5,5,2,0,4,1.0
728,Travel_Rarely,2,2,2,No,10,2,0,0,0,0,0.0
729,Travel_Rarely,2,3,3,No,24,4,22,6,5,17,0.0
730,Travel_Frequently,2,2,1,No,6,3,6,5,0,3,0.0
733,Travel_Rarely,2,1,0,Yes,3,5,2,2,2,2,0.0
734,Travel_Rarely,2,1,1,Yes,2,6,2,2,2,2,0.0
735,Travel_Frequently,3,3,0,No,10,6,9,7,2,8,0.0
736,Travel_Rarely,3,2,0,No,5,3,4,2,1,2,0.0
737,Non-Travel,3,2,2,No,7,2,1,0,0,0,0.0
738,Travel_Rarely,2,1,0,No,4,2,3,2,2,2,0.0
739,Travel_Frequently,3,1,3,Yes,19,0,1,0,0,0,1.0
740,Travel_Rarely,3,2,1,No,8,3,8,7,7,7,0.0
741,Non-Travel,2,4,7,No,31,3,9,7,6,2,0.0
743,Travel_Rarely,3,1,1,No,1,3,1,0,0,0,0.0
745,Travel_Frequently,3,3,0,Yes,9,1,8,7,7,7,1.0
747,Travel_Rarely,3,2,1,No,8,2,8,7,6,3,0.0
748,Travel_Rarely,3,1,1,Yes,4,5,4,3,0,2,1.0
749,Travel_Rarely,3,1,6,No,5,3,2,2,2,1,1.0
750,Travel_Frequently,3,2,1,Yes,9,3,9,6,1,1,0.0
752,Travel_Frequently,3,1,0,Yes,5,2,4,2,0,2,0.0
753,Travel_Frequently,4,2,4,No,9,1,3,2,0,2,0.0
754,Travel_Rarely,3,2,1,No,10,3,9,8,7,8,0.0
755,Non-Travel,3,2,1,No,4,3,4,3,0,2,0.0
756,Travel_Rarely,3,1,1,Yes,8,2,8,5,2,2,0.0
757,Travel_Rarely,3,3,7,No,28,3,21,16,7,9,0.0
758,Travel_Rarely,3,1,1,No,5,1,5,2,4,3,0.0
760,Travel_Rarely,2,3,2,Yes,28,4,5,4,0,4,0.0
762,Travel_Rarely,2,3,0,No,20,4,19,9,1,9,0.0
763,Travel_Rarely,2,1,0,No,6,3,5,3,1,2,0.0
764,Travel_Frequently,3,4,7,No,21,4,18,7,11,5,1.0
767,Non-Travel,2,1,3,No,6,2,0,0,0,0,0.0
771,Travel_Rarely,3,2,2,No,17,2,1,0,0,0,0.0
774,Travel_Rarely,1,1,1,Yes,1,3,1,0,0,0,1.0
776,Travel_Frequently,3,1,5,Yes,8,2,2,1,2,2,0.0
777,Travel_Rarely,2,5,1,No,22,3,22,7,2,10,0.0
778,Travel_Rarely,3,2,8,No,4,2,2,1,2,2,0.0
779,Non-Travel,3,2,1,No,12,4,12,9,6,10,0.0
780,Travel_Rarely,2,1,1,Yes,1,3,1,0,0,0,1.0
782,Travel_Rarely,3,1,1,No,1,2,1,1,0,0,0.0
783,Travel_Rarely,3,3,0,No,17,6,16,10,5,13,0.0
784,Non-Travel,3,2,4,No,12,3,7,7,0,7,0.0
786,Travel_Rarely,3,1,7,No,10,2,5,4,0,4,1.0
787,Travel_Rarely,2,2,4,No,17,1,15,11,5,9,0.0
788,Travel_Frequently,3,1,1,Yes,10,3,10,8,9,7,1.0
789,Travel_Rarely,3,2,2,No,19,5,10,7,0,8,0.0
790,Travel_Rarely,2,3,2,Yes,15,3,3,2,1,2,0.0
791,Travel_Rarely,3,1,2,Yes,20,3,18,13,2,17,0.0
793,Travel_Rarely,4,2,9,No,12,3,8,3,3,6,0.0
795,Non-Travel,4,2,8,Yes,9,3,5,2,0,4,1.0
796,Travel_Rarely,3,3,0,No,13,4,12,6,2,11,0.0
798,Travel_Rarely,2,2,1,Yes,7,2,7,7,1,7,0.0
799,Travel_Rarely,4,1,1,Yes,8,3,8,7,1,7,0.0
800,Travel_Rarely,4,1,1,No,1,2,1,0,0,1,0.0
801,Travel_Rarely,3,3,7,No,17,3,4,2,0,3,0.0
802,Travel_Frequently,4,2,4,Yes,8,2,5,4,1,3,1.0
803,Travel_Frequently,2,1,9,No,10,3,5,4,0,3,0.0
804,Travel_Rarely,3,1,4,No,11,1,7,5,1,7,0.0
805,Travel_Rarely,4,1,1,Yes,20,3,20,8,3,8,0.0
806,Travel_Rarely,3,2,1,No,6,3,6,5,1,3,0.0
807,Travel_Rarely,3,2,1,Yes,10,3,10,2,6,7,1.0
808,Travel_Rarely,2,2,2,No,19,0,2,2,2,2,0.0
811,Travel_Rarely,3,2,4,Yes,8,3,5,2,0,2,0.0
812,Travel_Rarely,4,2,1,No,10,3,10,7,5,7,0.0
813,Travel_Rarely,4,2,0,Yes,12,3,11,7,1,9,0.0
814,Travel_Rarely,3,1,9,No,12,2,5,4,0,4,0.0
815,Travel_Rarely,2,1,1,No,2,2,2,2,2,1,0.0
816,Travel_Rarely,3,5,3,No,22,2,2,2,2,1,0.0
818,Travel_Rarely,3,1,1,No,3,5,3,2,1,2,0.0
819,Travel_Frequently,3,2,1,No,8,5,8,7,7,7,1.0
820,Travel_Rarely,3,1,3,No,8,3,2,2,0,2,0.0
821,Travel_Rarely,3,2,7,No,8,3,3,2,0,2,0.0
822,Travel_Frequently,3,2,1,No,10,3,10,7,0,1,0.0
823,Travel_Rarely,3,1,1,No,5,2,5,4,1,4,0.0
824,Travel_Frequently,3,1,1,No,12,3,12,9,5,8,0.0
825,Travel_Rarely,2,3,3,No,23,3,21,7,15,17,0.0
826,Travel_Rarely,2,4,1,No,21,3,21,6,11,8,0.0
827,Travel_Rarely,3,1,7,No,7,1,3,2,1,2,0.0
828,Non-Travel,2,3,4,Yes,16,6,13,2,4,12,0.0
830,Travel_Rarely,3,1,2,Yes,5,2,3,2,0,2,1.0
832,Travel_Rarely,3,2,4,No,18,2,7,7,0,7,0.0
834,Travel_Rarely,4,2,5,No,15,0,12,11,11,8,0.0
835,Travel_Rarely,4,2,1,No,10,4,10,7,0,8,0.0
836,Travel_Rarely,3,1,5,No,6,2,2,2,2,2,0.0
839,Travel_Rarely,3,5,0,No,21,2,20,15,1,12,0.0
840,Travel_Frequently,3,3,1,No,24,2,24,9,9,11,0.0
841,Travel_Rarely,3,5,4,Yes,26,2,2,2,0,1,0.0
842,Travel_Rarely,3,4,4,Yes,25,2,3,2,1,2,0.0
843,Non-Travel,3,2,1,Yes,9,2,9,8,0,8,0.0
844,Travel_Frequently,3,3,1,No,9,3,9,8,1,8,0.0
845,Travel_Rarely,3,3,1,No,11,2,10,9,0,8,0.0
846,Travel_Rarely,3,2,1,No,9,3,9,8,4,7,0.0
847,Travel_Rarely,3,1,0,Yes,4,5,3,2,1,0,0.0
849,Travel_Rarely,2,1,1,No,3,4,3,2,1,0,0.0
850,Travel_Rarely,3,1,6,Yes,6,0,1,0,0,1,0.0
851,Travel_Rarely,3,1,3,Yes,4,3,2,2,2,2,0.0
852,Travel_Rarely,1,1,5,Yes,5,4,3,2,2,2,1.0
854,Travel_Rarely,3,4,6,No,22,3,17,13,15,2,0.0
855,Travel_Frequently,3,3,2,No,10,2,2,2,2,2,0.0
856,Travel_Frequently,3,1,4,No,13,3,8,7,7,2,0.0
857,Travel_Rarely,3,3,1,No,17,2,17,14,12,8,0.0
858,Travel_Rarely,2,4,3,Yes,30,4,5,3,4,3,0.0
863,Travel_Rarely,2,4,6,No,22,3,9,8,2,3,0.0
864,Travel_Rarely,4,1,3,No,5,3,1,0,0,0,0.0
867,Travel_Rarely,4,4,3,No,32,3,5,1,1,3,0.0
868,Travel_Rarely,3,4,5,No,28,3,2,0,2,2,0.0
872,Travel_Frequently,4,3,1,No,10,2,10,8,4,7,1.0
874,Travel_Rarely,4,3,1,No,10,1,10,9,8,8,0.0
876,Travel_Frequently,3,1,6,Yes,6,2,3,2,1,2,1.0
877,Travel_Rarely,2,1,1,No,2,3,2,2,0,2,1.0
878,Travel_Rarely,3,2,4,Yes,10,2,6,5,0,5,0.0
879,Travel_Rarely,3,1,3,Yes,7,4,4,3,0,3,0.0
880,Travel_Rarely,3,1,4,No,7,2,3,2,0,2,0.0
881,Travel_Rarely,2,3,1,No,9,3,8,7,7,7,0.0
883,Travel_Frequently,3,3,1,Yes,15,1,15,14,8,12,0.0
884,Travel_Rarely,3,3,4,Yes,10,4,3,1,1,2,0.0
885,Travel_Frequently,2,2,3,Yes,16,3,1,1,0,0,0.0
887,Travel_Rarely,3,1,1,No,2,1,2,1,1,2,0.0
888,Travel_Rarely,3,2,7,Yes,17,2,1,0,0,0,1.0
890,Travel_Rarely,2,4,4,Yes,21,3,1,0,0,0,0.0
892,Travel_Rarely,3,3,3,No,15,3,0,0,0,0,0.0
893,Non-Travel,3,1,1,No,0,2,0,0,0,0,0.0
895,Travel_Rarely,3,3,0,No,17,5,16,6,0,13,0.0
896,Travel_Frequently,2,1,1,Yes,2,2,2,2,2,2,0.0
899,Travel_Rarely,2,4,7,No,21,3,3,2,0,2,0.0
901,Travel_Rarely,3,5,1,No,21,2,20,8,9,9,0.0
905,Travel_Rarely,3,2,1,Yes,5,3,5,3,0,3,0.0
906,Travel_Rarely,3,1,3,Yes,10,2,7,7,7,7,1.0
907,Travel_Frequently,3,3,3,No,23,4,3,2,1,2,0.0
909,Travel_Rarely,3,3,1,No,13,6,13,8,0,8,0.0
912,Travel_Rarely,3,2,6,No,7,0,3,2,0,1,0.0
914,Travel_Rarely,3,2,3,No,11,3,7,7,1,7,0.0
915,Travel_Rarely,3,1,4,Yes,19,3,2,2,2,2,0.0
916,Travel_Frequently,2,2,7,No,20,2,4,3,1,3,0.0
918,Travel_Rarely,3,1,1,Yes,4,2,4,3,1,2,0.0
919,Travel_Rarely,3,3,6,No,12,2,10,9,0,8,0.0
922,Travel_Rarely,3,1,1,No,1,3,1,0,1,0,0.0
924,Travel_Rarely,4,2,3,Yes,10,1,3,2,0,2,0.0
926,Travel_Rarely,2,2,6,No,12,3,1,0,0,0,0.0
927,Travel_Rarely,4,3,1,No,10,2,10,7,0,7,0.0
928,Travel_Frequently,3,1,0,Yes,8,2,7,7,1,0,1.0
931,Travel_Frequently,3,1,1,No,2,5,2,2,2,2,1.0
932,Travel_Rarely,2,1,1,No,1,3,1,0,0,0,1.0
933,Travel_Rarely,4,2,5,No,9,3,5,3,1,3,0.0
934,Non-Travel,3,2,0,No,19,3,18,7,0,13,0.0
935,Non-Travel,3,2,2,No,18,0,11,9,0,9,0.0
936,Travel_Rarely,3,5,7,No,26,5,22,9,3,10,0.0
937,Travel_Rarely,4,2,0,No,4,4,3,2,1,2,0.0
938,Travel_Rarely,3,1,3,No,5,4,3,2,0,2,0.0
939,Travel_Rarely,3,1,1,Yes,9,3,9,7,6,8,0.0
940,Travel_Rarely,2,2,1,Yes,10,2,10,7,1,2,0.0
941,Travel_Rarely,2,1,2,No,5,2,3,2,0,2,0.0
942,Travel_Rarely,3,1,1,No,2,3,2,2,2,1,0.0
943,Travel_Rarely,3,1,1,No,6,2,5,4,1,4,0.0
945,Travel_Rarely,3,1,1,Yes,1,2,1,0,0,0,1.0
947,Travel_Rarely,2,4,3,No,32,3,1,0,0,0,0.0
948,Travel_Rarely,3,2,3,No,19,6,1,0,0,0,1.0
951,Travel_Frequently,3,1,1,Yes,2,3,2,2,0,2,1.0
952,Non-Travel,1,2,2,Yes,12,2,5,3,1,2,0.0
955,Travel_Rarely,1,2,5,No,13,3,4,1,1,2,0.0
956,Travel_Rarely,4,4,4,No,10,2,6,1,0,5,0.0
959,Travel_Rarely,3,3,7,No,10,2,1,0,0,0,0.0
961,Non-Travel,3,3,2,Yes,15,2,5,2,0,2,0.0
962,Travel_Rarely,3,1,4,No,8,1,1,0,0,0,0.0
963,Travel_Rarely,3,1,7,No,13,3,9,7,1,7,1.0
964,Travel_Rarely,3,2,0,No,9,6,8,7,1,7,0.0
965,Travel_Frequently,2,1,5,No,4,3,2,2,1,2,1.0
968,Travel_Rarely,3,2,8,No,9,3,5,2,1,4,0.0
969,Travel_Rarely,3,3,4,No,14,6,11,10,11,1,0.0
971,Travel_Rarely,3,2,1,No,5,3,5,2,1,0,0.0
972,Travel_Rarely,2,1,1,Yes,3,3,3,2,1,2,0.0
973,Non-Travel,4,4,2,Yes,23,3,5,3,4,4,0.0
976,Travel_Rarely,3,1,1,Yes,1,2,1,0,0,1,1.0
977,Non-Travel,3,2,1,No,10,1,10,7,0,9,0.0
979,Travel_Rarely,3,1,2,No,5,2,3,2,1,2,0.0
981,Travel_Rarely,3,1,4,No,16,6,11,8,3,9,0.0
983,Travel_Frequently,2,2,4,No,14,5,10,9,1,8,0.0
985,Travel_Frequently,2,5,1,No,21,2,21,9,13,3,0.0
987,Travel_Rarely,3,1,9,Yes,7,2,5,4,4,3,1.0
988,Travel_Rarely,4,1,1,No,10,5,10,5,7,7,0.0
989,Travel_Rarely,3,3,4,No,29,3,26,9,1,7,0.0
990,Travel_Frequently,4,1,6,Yes,7,2,2,2,2,2,1.0
991,Travel_Rarely,3,2,8,No,8,3,4,3,0,3,0.0
993,Non-Travel,2,3,2,No,16,5,9,8,4,8,0.0
995,Non-Travel,1,1,2,No,9,5,5,2,1,4,0.0
996,Travel_Frequently,2,4,3,No,31,3,9,8,0,0,0.0
997,Travel_Rarely,3,4,6,No,29,3,20,7,12,7,0.0
998,Travel_Rarely,3,1,1,Yes,7,3,7,7,5,6,1.0
999,Non-Travel,3,2,2,No,16,2,1,0,0,0,0.0
1002,Travel_Rarely,3,2,4,No,11,3,8,7,1,1,0.0
1003,Travel_Rarely,3,1,1,No,1,5,0,0,0,0,0.0
1004,Travel_Rarely,3,2,3,No,18,4,1,0,0,0,0.0
1005,Travel_Rarely,4,2,1,No,9,5,9,8,0,8,0.0
1006,Travel_Frequently,1,1,1,Yes,1,4,1,0,1,0,1.0
1007,Travel_Rarely,3,2,1,No,13,5,13,10,3,12,0.0
1010,Travel_Rarely,3,2,1,No,6,5,6,0,1,2,0.0
1011,Travel_Frequently,3,1,1,No,3,5,3,1,0,2,0.0
1013,Travel_Frequently,3,2,3,No,20,4,4,3,0,3,0.0
1014,Travel_Rarely,3,2,9,Yes,9,4,5,3,1,4,0.0
1015,Non-Travel,2,1,0,Yes,4,0,3,2,1,2,1.0
1017,Travel_Rarely,3,1,7,No,17,2,6,5,1,2,0.0
1018,Travel_Rarely,3,2,6,No,17,3,7,7,7,7,0.0
1019,Travel_Rarely,4,1,2,Yes,7,5,4,2,0,3,0.0
1020,Travel_Frequently,3,2,5,No,7,4,5,3,0,0,1.0
1021,Travel_Frequently,3,1,1,Yes,0,3,0,0,0,0,1.0
1022,Travel_Rarely,4,2,7,No,10,0,7,7,0,7,0.0
1028,Travel_Rarely,3,5,1,No,22,3,22,17,11,15,0.0
1029,Travel_Rarely,3,4,0,No,38,1,37,10,1,8,0.0
1030,Travel_Rarely,3,2,7,No,8,2,6,2,0,4,0.0
1031,Travel_Frequently,3,3,1,Yes,21,2,21,6,2,8,0.0
1035,Travel_Rarely,3,2,4,No,13,3,7,7,1,7,0.0
1036,Travel_Rarely,3,2,4,Yes,9,3,5,4,0,3,0.0
1037,Travel_Rarely,3,1,1,No,8,3,8,7,5,7,0.0
1038,Travel_Rarely,3,1,1,Yes,2,3,2,2,2,2,1.0
1039,Travel_Rarely,3,2,1,No,5,3,5,4,0,3,0.0
1040,Non-Travel,3,1,4,No,9,3,5,3,1,4,0.0
1041,Travel_Frequently,3,2,2,No,5,3,3,2,0,2,0.0
1045,Travel_Rarely,2,3,5,No,18,5,1,0,0,0,0.0
1046,Travel_Rarely,2,2,9,No,10,5,1,1,0,0,0.0
1047,Travel_Rarely,3,2,3,Yes,15,2,7,7,1,7,0.0
1049,Travel_Rarely,3,2,7,No,19,3,1,0,0,0,0.0
1052,Travel_Rarely,4,1,1,No,2,2,2,1,2,2,0.0
1053,Travel_Rarely,3,1,1,Yes,10,2,10,9,7,8,1.0
1055,Travel_Frequently,3,5,2,No,21,2,18,16,0,11,0.0
1056,Travel_Rarely,3,5,6,No,36,4,7,3,7,7,0.0
1058,Travel_Rarely,3,2,1,Yes,5,3,5,4,0,4,0.0
1059,Travel_Rarely,3,2,1,No,20,3,20,11,13,17,0.0
1062,Travel_Rarely,4,1,0,No,2,5,1,0,0,0,0.0
1063,Travel_Rarely,3,1,0,No,4,1,3,2,0,2,0.0
1065,Non-Travel,3,2,9,No,6,3,3,2,1,2,0.0
1066,Non-Travel,3,1,1,No,0,5,0,0,0,0,0.0
1067,Travel_Rarely,2,1,1,No,2,2,2,2,0,2,0.0
1068,Travel_Rarely,4,1,1,No,18,1,17,13,15,14,1.0
1070,Travel_Rarely,4,1,2,No,10,2,4,2,1,3,0.0
1071,Travel_Rarely,3,4,2,Yes,30,2,5,4,1,2,0.0
1072,Travel_Rarely,3,1,3,No,7,6,3,2,1,2,0.0
1073,Non-Travel,3,3,0,No,10,3,9,8,7,8,0.0
1074,Travel_Rarely,3,2,1,No,10,2,10,0,1,8,0.0
1075,Travel_Rarely,3,5,6,No,21,3,1,0,0,0,0.0
1076,Travel_Rarely,2,3,9,Yes,23,2,1,0,0,0,1.0
1078,Travel_Rarely,3,1,3,Yes,6,4,1,0,0,0,0.0
1079,Travel_Rarely,3,2,1,No,4,3,4,2,0,2,0.0
1082,Travel_Rarely,3,1,1,No,3,4,3,2,1,2,0.0
1083,Travel_Rarely,3,1,1,No,17,3,17,12,5,7,0.0
1085,Travel_Rarely,2,2,6,No,20,3,1,0,0,0,0.0
1086,Non-Travel,1,5,1,No,21,3,21,16,5,10,0.0
1087,Travel_Rarely,3,2,1,Yes,5,2,5,2,0,3,0.0
1088,Travel_Frequently,3,2,1,No,12,2,12,8,3,7,0.0
1090,Travel_Rarely,2,3,1,No,10,2,10,9,9,0,0.0
1091,Travel_Rarely,3,5,3,No,26,6,7,7,4,7,0.0
1092,Travel_Rarely,2,1,0,No,5,2,4,3,1,1,0.0
1094,Travel_Rarely,3,1,9,No,6,3,2,2,2,2,0.0
1095,Travel_Rarely,2,3,7,Yes,35,3,5,2,0,4,0.0
1096,Travel_Rarely,3,3,7,No,18,4,8,6,4,0,0.0
1098,Travel_Rarely,3,2,2,No,10,2,3,2,0,2,0.0
1099,Travel_Rarely,3,1,3,No,8,5,5,2,1,2,0.0
1101,Travel_Rarely,3,1,0,No,4,3,3,2,1,2,0.0
1102,Travel_Rarely,3,3,0,No,12,3,11,9,6,9,0.0
1106,Travel_Rarely,2,2,3,Yes,8,1,1,0,0,1,1.0
1107,Non-Travel,3,2,1,Yes,7,0,7,7,1,7,0.0
1108,Travel_Rarely,2,2,6,No,6,2,4,3,1,2,1.0
1110,Travel_Frequently,3,1,0,No,8,2,7,7,3,6,0.0
1111,Travel_Frequently,1,1,1,No,10,2,10,7,0,9,0.0
1112,Travel_Rarely,3,4,3,Yes,21,5,5,3,1,3,0.0
1113,Travel_Rarely,2,2,0,No,10,2,9,0,7,8,0.0
1114,Travel_Frequently,2,2,5,No,6,1,2,2,2,0,0.0
1115,Travel_Rarely,2,3,1,No,9,3,9,8,4,7,1.0
1116,Travel_Rarely,3,4,6,No,26,2,3,2,0,1,0.0
1117,Travel_Rarely,3,1,1,No,0,2,0,0,0,0,1.0
1118,Travel_Frequently,2,1,1,Yes,8,2,8,7,1,7,1.0
1120,Travel_Rarely,2,1,3,No,6,2,3,2,2,2,1.0
1121,Travel_Rarely,3,2,4,No,15,3,2,2,2,2,0.0
1123,Travel_Rarely,4,1,2,Yes,10,2,3,2,0,2,0.0
1124,Travel_Rarely,3,4,3,No,9,3,3,2,1,0,0.0
1125,Travel_Frequently,3,2,6,No,8,2,5,4,1,2,0.0
1126,Non-Travel,3,2,7,Yes,4,2,2,2,2,2,0.0
1127,Travel_Rarely,3,2,6,No,8,2,6,5,4,3,0.0
1128,Travel_Rarely,3,1,1,No,6,1,6,5,1,5,0.0
1130,Travel_Frequently,3,1,1,Yes,6,4,6,3,1,2,1.0
1131,Travel_Rarely,3,2,0,Yes,11,2,10,7,1,0,0.0
1132,Travel_Rarely,3,1,4,Yes,7,2,3,2,0,2,0.0
1135,Travel_Rarely,3,3,1,No,10,2,10,7,0,5,1.0
1136,Travel_Frequently,4,2,1,No,8,2,8,7,3,7,0.0
1137,Travel_Rarely,3,1,1,No,10,4,10,9,8,8,0.0
1138,Travel_Rarely,3,1,2,No,5,3,3,2,1,0,0.0
1140,Travel_Rarely,3,1,4,No,7,3,1,1,0,0,0.0
1141,Non-Travel,2,4,1,Yes,34,3,33,9,15,0,0.0
1142,Travel_Rarely,3,4,3,No,23,3,12,9,4,9,0.0
1143,Non-Travel,3,2,0,Yes,6,0,5,4,1,4,0.0
1144,Travel_Frequently,3,5,3,No,22,4,0,0,0,0,0.0
1145,Travel_Rarely,4,4,2,No,31,4,7,7,0,0,0.0
1146,Travel_Rarely,4,1,8,No,5,4,1,0,0,0,0.0
1148,Travel_Rarely,3,2,1,Yes,8,2,8,7,7,5,0.0
1149,Travel_Rarely,2,2,7,No,10,6,5,4,0,3,0.0
1151,Travel_Rarely,3,1,0,No,7,1,6,2,1,5,1.0
1153,Travel_Rarely,1,1,0,Yes,6,2,5,4,1,3,0.0
1154,Travel_Rarely,3,2,2,No,20,2,7,7,1,7,0.0
1155,Travel_Frequently,2,1,1,No,2,2,2,2,2,2,0.0
1156,Travel_Rarely,3,1,1,Yes,6,4,5,3,1,4,1.0
1157,Travel_Rarely,3,2,1,No,14,2,14,11,4,11,0.0
1158,Travel_Rarely,3,3,4,No,12,3,6,5,1,2,0.0
1159,Non-Travel,3,2,0,No,4,2,3,2,2,2,0.0
1160,Travel_Rarely,3,2,1,No,8,3,8,7,0,7,0.0
1162,Travel_Rarely,2,1,0,Yes,10,4,9,6,7,8,0.0
1164,Travel_Rarely,2,2,0,No,8,2,7,7,0,5,0.0
1166,Travel_Rarely,2,4,7,Yes,25,2,7,1,0,7,0.0
1168,Travel_Rarely,4,2,0,No,16,2,15,1,0,9,0.0
1170,Travel_Frequently,2,3,5,Yes,20,2,18,13,1,12,0.0
1171,Travel_Frequently,3,1,1,Yes,1,3,1,0,0,0,0.0
1172,Non-Travel,3,1,1,No,0,6,0,0,0,0,0.0
1174,Non-Travel,2,2,3,No,13,0,8,7,7,5,0.0
1175,Travel_Rarely,3,5,4,No,21,2,3,2,1,1,0.0
1176,Travel_Rarely,3,2,3,No,9,3,7,7,1,7,0.0
1177,Travel_Rarely,3,1,1,No,5,4,5,4,0,4,0.0
1178,Travel_Frequently,2,1,1,Yes,3,2,3,1,0,2,0.0
1179,Travel_Rarely,2,1,0,No,6,5,5,3,0,3,0.0
1180,Travel_Rarely,3,1,6,No,10,3,7,6,5,7,0.0
1181,Non-Travel,4,4,4,Yes,22,2,1,0,0,0,1.0
1182,Travel_Rarely,1,5,4,No,23,5,19,9,9,11,0.0
1183,Travel_Rarely,3,1,1,No,3,3,3,2,0,2,0.0
1184,Travel_Frequently,2,1,1,No,2,2,2,2,2,2,0.0
1185,Travel_Rarely,3,2,1,No,10,4,10,2,2,2,0.0
1186,Travel_Rarely,2,2,7,No,7,2,5,1,1,3,0.0
1187,Travel_Rarely,3,1,1,No,1,3,1,0,0,0,0.0
1189,Non-Travel,2,1,2,Yes,11,2,1,0,0,0,1.0
1191,Travel_Rarely,3,3,3,No,29,3,8,7,0,7,0.0
1192,Travel_Rarely,2,1,1,No,1,0,1,0,0,0,0.0
1193,Travel_Rarely,2,2,1,No,13,3,13,8,4,8,0.0
1194,Non-Travel,3,3,1,No,10,3,10,3,9,7,0.0
1195,Travel_Frequently,3,4,1,Yes,25,3,25,12,4,12,0.0
1196,Travel_Frequently,1,1,3,No,5,2,2,2,2,0,0.0
1197,Travel_Rarely,3,1,0,No,5,3,4,3,0,2,1.0
1198,Travel_Frequently,3,1,4,No,8,4,2,2,2,0,0.0
1199,Travel_Rarely,1,2,3,No,15,2,13,9,3,12,0.0
1200,Travel_Rarely,4,4,6,Yes,24,2,19,7,3,8,1.0
1201,Travel_Rarely,4,2,2,Yes,17,1,5,3,1,3,0.0
1203,Travel_Frequently,3,2,0,No,4,3,3,2,0,2,0.0
1204,Travel_Rarely,3,1,1,No,1,2,1,0,0,0,0.0
1205,Travel_Rarely,2,1,6,No,10,2,8,0,1,7,0.0
1206,Travel_Rarely,3,2,7,No,9,3,6,4,1,5,0.0
1207,Travel_Frequently,3,1,8,Yes,3,2,1,1,0,0,0.0
1208,Travel_Rarely,3,2,1,No,6,5,6,5,1,4,0.0
1209,Travel_Rarely,2,4,0,No,28,2,27,10,15,7,0.0
1210,Travel_Rarely,3,1,5,No,9,2,6,5,0,3,0.0
1211,Travel_Rarely,4,1,1,No,1,0,1,0,0,0,1.0
1212,Travel_Rarely,2,1,2,No,17,2,3,1,0,2,0.0
1213,Travel_Frequently,2,2,3,No,9,6,7,7,0,1,0.0
1216,Travel_Rarely,3,4,1,Yes,26,3,26,14,3,0,0.0
1217,Travel_Frequently,2,1,1,No,1,2,1,0,0,0,1.0
1218,Travel_Rarely,3,3,1,No,9,3,9,7,0,7,0.0
1220,Non-Travel,3,4,1,No,31,3,31,6,14,7,0.0
1221,Travel_Rarely,2,1,1,Yes,1,1,1,0,0,0,1.0
1222,Travel_Rarely,2,2,4,No,11,3,3,2,0,2,0.0
1223,Travel_Rarely,3,3,2,No,25,2,1,0,0,0,0.0
1224,Travel_Frequently,3,2,3,Yes,18,4,4,3,1,3,1.0
1227,Travel_Frequently,4,2,1,Yes,6,2,6,5,1,2,0.0
1228,Travel_Rarely,3,2,2,No,12,3,6,3,1,4,0.0
1231,Travel_Rarely,3,3,2,No,16,1,9,7,7,1,0.0
1232,Travel_Rarely,3,2,0,Yes,8,2,7,6,7,7,0.0
1233,Travel_Rarely,3,2,0,No,6,3,5,0,1,2,0.0
1234,Travel_Rarely,2,3,1,Yes,17,2,17,14,5,15,0.0
1235,Non-Travel,3,2,9,No,9,2,5,4,0,3,0.0
1236,Travel_Rarely,3,2,9,No,10,2,2,2,1,2,0.0
1238,Travel_Rarely,2,3,6,No,13,4,9,4,7,0,0.0
1239,Travel_Rarely,3,2,2,Yes,18,2,1,0,0,1,0.0
1240,Travel_Rarely,2,1,1,No,2,2,2,2,1,2,0.0
1241,Travel_Frequently,2,2,6,No,10,6,1,0,0,0,0.0
1242,Travel_Frequently,3,5,4,Yes,31,5,29,10,11,10,0.0
1243,Travel_Frequently,1,2,1,Yes,9,3,9,7,0,6,1.0
1244,Travel_Rarely,2,1,5,No,7,2,5,4,0,2,0.0
1245,Travel_Rarely,3,3,1,Yes,10,5,10,9,5,8,0.0
1249,Non-Travel,3,1,1,No,1,2,1,0,0,0,0.0
1251,Travel_Rarely,3,5,3,No,21,5,5,4,4,4,0.0
1253,Travel_Rarely,3,1,1,No,1,4,1,1,1,0,0.0
1255,Travel_Frequently,3,2,3,Yes,12,4,6,2,3,3,0.0
1257,Travel_Frequently,2,4,4,No,21,2,7,6,7,7,0.0
1258,Travel_Rarely,3,4,2,No,26,2,9,8,7,8,0.0
1259,Travel_Rarely,3,2,1,No,9,4,9,8,8,8,0.0
1260,Travel_Frequently,3,5,9,Yes,22,4,3,2,1,2,0.0
1261,Travel_Rarely,2,2,1,Yes,6,3,6,2,4,4,0.0
1262,Travel_Rarely,3,1,5,Yes,6,3,3,2,1,2,0.0
1263,Travel_Frequently,3,3,2,No,14,5,4,2,3,2,0.0
1264,Travel_Rarely,3,1,2,No,8,3,3,1,1,2,0.0
1265,Travel_Rarely,3,1,1,No,10,5,10,8,0,8,0.0
1266,Travel_Rarely,2,3,2,No,11,2,1,0,0,0,0.0
1269,Travel_Rarely,1,2,2,No,11,2,5,4,0,2,0.0
1271,Travel_Rarely,3,2,4,No,8,2,3,2,1,2,0.0
1272,Travel_Rarely,3,3,1,No,10,3,10,8,0,6,0.0
1273,Travel_Rarely,3,4,3,No,26,4,9,3,1,1,0.0
1275,Travel_Frequently,3,3,8,No,18,1,8,7,0,1,0.0
1277,Travel_Rarely,3,4,3,No,26,2,20,17,5,6,0.0
1278,Travel_Rarely,2,4,3,No,29,1,5,2,0,3,0.0
1279,Travel_Rarely,3,3,6,No,13,3,8,7,0,7,0.0
1280,Travel_Rarely,2,3,9,No,24,1,20,6,3,6,1.0
1281,Travel_Rarely,2,4,3,No,9,2,7,7,1,7,0.0
1282,Travel_Rarely,3,3,1,No,24,2,24,13,15,7,0.0
1285,Travel_Rarely,2,1,6,Yes,5,3,3,2,0,2,1.0
1286,Travel_Rarely,3,2,7,No,8,5,5,4,1,3,0.0
1287,Travel_Frequently,2,2,5,No,9,5,6,3,0,1,1.0
1288,Travel_Rarely,2,2,9,Yes,8,4,4,3,0,2,0.0
1289,Non-Travel,2,2,2,Yes,10,3,8,7,0,7,0.0
1291,Non-Travel,3,4,0,Yes,21,3,20,8,2,10,0.0
1292,Travel_Rarely,3,1,1,No,7,1,7,4,0,6,0.0
1297,Travel_Rarely,3,2,2,No,9,2,3,1,1,2,1.0
1299,Travel_Rarely,2,2,6,Yes,8,3,5,4,1,2,0.0
1300,Travel_Rarely,3,2,9,Yes,18,2,16,14,5,12,0.0
1301,Travel_Frequently,2,2,2,No,13,3,4,3,1,2,0.0
1302,Travel_Rarely,4,1,3,No,7,0,2,2,2,2,0.0
1303,Non-Travel,2,2,1,No,15,2,15,10,4,12,0.0
1304,Travel_Frequently,3,4,9,Yes,28,2,22,2,11,13,0.0
1305,Travel_Rarely,3,5,4,No,28,2,5,2,4,2,0.0
1307,Non-Travel,2,5,9,No,30,3,3,2,2,2,0.0
1308,Travel_Rarely,1,1,7,Yes,10,4,7,7,3,7,1.0
1309,Travel_Frequently,3,2,3,Yes,5,4,0,0,0,0,1.0
1310,Travel_Rarely,2,2,5,Yes,12,4,0,0,0,0,0.0
1311,Travel_Rarely,2,1,1,No,10,5,10,0,1,8,0.0
1313,Non-Travel,3,1,1,No,3,3,3,2,2,2,0.0
1314,Travel_Rarely,2,1,1,Yes,5,2,4,2,0,2,1.0
1315,Travel_Rarely,4,1,3,Yes,10,3,7,7,1,7,0.0
1317,Travel_Rarely,3,4,7,No,30,1,10,7,1,1,0.0
1319,Travel_Rarely,3,5,5,No,25,2,4,2,0,3,0.0
1320,Travel_Rarely,3,2,8,Yes,15,2,7,2,3,7,0.0
1321,Travel_Rarely,3,2,8,Yes,16,2,4,2,0,2,0.0
1322,Travel_Rarely,2,2,0,No,16,2,15,13,2,8,0.0
1323,Travel_Frequently,3,3,9,No,20,3,18,7,2,13,0.0
1324,Non-Travel,4,3,9,No,10,2,8,7,0,5,0.0
1325,Travel_Rarely,2,2,1,Yes,20,3,20,7,1,8,0.0
1326,Travel_Frequently,3,1,1,No,2,5,2,2,2,2,0.0
1327,Travel_Rarely,3,1,4,No,8,2,5,2,0,4,0.0
1328,Travel_Rarely,1,3,2,Yes,17,2,7,7,7,7,0.0
1329,Travel_Rarely,1,2,0,No,9,3,8,7,3,1,0.0
1330,Non-Travel,2,1,1,Yes,1,2,1,1,0,1,0.0
1331,Travel_Rarely,3,5,7,No,23,5,20,18,15,15,0.0
1332,Travel_Frequently,2,3,2,No,30,2,15,7,6,12,0.0
1333,Travel_Frequently,3,3,3,No,12,2,1,0,0,0,1.0
1334,Travel_Rarely,2,1,1,No,6,3,6,5,1,1,0.0
1335,Travel_Rarely,3,1,0,No,6,3,5,0,1,4,0.0
1336,Travel_Rarely,3,1,1,No,5,2,5,2,0,4,0.0
1337,Travel_Rarely,2,2,6,No,13,3,11,9,5,9,0.0
1339,Travel_Rarely,3,2,0,No,4,2,3,2,0,2,0.0
1342,Travel_Frequently,4,1,1,No,4,2,4,2,0,3,0.0
1344,Non-Travel,1,2,1,No,19,4,19,2,11,9,0.0
1345,Travel_Rarely,1,4,3,Yes,28,2,7,7,7,7,0.0
1347,Travel_Rarely,3,2,0,No,6,6,5,4,4,4,0.0
1348,Travel_Rarely,3,5,9,No,23,0,2,2,2,2,0.0
1350,Travel_Rarely,2,2,8,No,9,2,7,6,0,7,0.0
1351,Travel_Frequently,3,2,4,Yes,10,2,8,7,0,7,0.0
1353,Travel_Rarely,3,3,3,Yes,16,3,1,0,0,0,0.0
1354,Travel_Frequently,2,1,1,Yes,3,3,3,2,1,2,1.0
1355,Travel_Frequently,3,1,5,No,10,2,4,3,1,3,0.0
1356,Travel_Frequently,4,1,4,No,4,2,1,0,0,0,0.0
1357,Travel_Frequently,3,1,6,No,6,3,4,3,1,2,0.0
1359,Travel_Rarely,1,1,1,No,1,2,1,0,0,1,1.0
1361,Travel_Rarely,4,1,5,No,7,4,1,0,0,0,0.0
1362,Travel_Rarely,4,2,1,No,5,3,4,2,1,3,0.0
1363,Travel_Rarely,2,2,3,Yes,8,2,5,4,1,4,0.0
1368,Travel_Rarely,3,3,1,No,13,5,13,7,9,9,0.0
1369,Travel_Frequently,1,2,3,No,8,3,6,2,0,0,0.0
1370,Travel_Rarely,3,3,4,Yes,18,2,5,4,0,2,0.0
1371,Travel_Frequently,4,1,1,No,5,3,5,1,0,3,0.0
1372,Travel_Rarely,1,3,4,No,37,3,6,4,0,2,0.0
1373,Travel_Rarely,2,2,2,No,10,2,1,0,0,0,0.0
1374,Travel_Rarely,3,4,5,No,30,3,4,3,0,3,0.0
1375,Travel_Rarely,3,3,0,No,10,3,9,7,1,7,0.0
1376,Travel_Frequently,2,2,1,No,14,4,13,7,3,8,1.0
1377,Travel_Rarely,2,1,6,Yes,3,5,0,0,0,0,1.0
1378,Travel_Rarely,3,2,6,No,8,6,2,2,2,1,0.0
1379,Travel_Rarely,2,2,2,No,11,3,8,2,7,7,1.0
1380,Travel_Frequently,2,1,0,Yes,1,5,0,0,0,0,1.0
1382,Travel_Rarely,2,1,1,No,6,2,6,5,3,3,0.0
1384,Travel_Rarely,2,1,0,No,5,0,4,2,1,1,0.0
1385,Travel_Frequently,3,2,3,No,5,3,0,0,0,0,0.0
1387,Non-Travel,3,2,4,No,17,3,3,2,1,2,0.0
1389,Travel_Rarely,3,1,1,No,8,5,8,7,1,6,0.0
1391,Travel_Rarely,2,3,2,No,15,2,7,7,6,4,0.0
1394,Travel_Rarely,3,3,4,Yes,17,3,0,0,0,0,0.0
1395,Travel_Rarely,3,3,1,Yes,16,3,16,10,10,1,0.0
1396,Travel_Rarely,2,3,2,No,14,6,11,10,5,8,0.0
1398,Travel_Rarely,3,2,1,Yes,5,3,5,4,0,3,0.0
1400,Travel_Rarely,2,2,1,Yes,8,0,8,7,7,4,1.0
1401,Travel_Rarely,3,2,0,Yes,4,3,3,2,1,2,0.0
1402,Travel_Rarely,4,1,1,No,6,3,5,3,1,4,0.0
1403,Travel_Rarely,3,1,0,No,3,2,2,2,1,2,0.0
1404,Travel_Rarely,3,2,3,No,8,3,4,3,0,1,0.0
1405,Travel_Rarely,2,2,1,No,14,3,14,13,6,8,0.0
1406,Travel_Rarely,2,2,3,No,9,1,2,2,1,0,0.0
1410,Non-Travel,4,2,1,No,6,2,6,3,1,5,0.0
1411,Travel_Rarely,2,2,1,Yes,11,4,11,8,2,7,0.0
1414,Travel_Frequently,2,1,1,No,1,2,1,0,0,0,1.0
1416,Travel_Rarely,2,3,3,No,16,2,13,10,4,8,0.0
1418,Travel_Rarely,2,3,4,No,9,2,3,2,1,2,0.0
1419,Travel_Rarely,2,2,1,No,10,2,10,9,1,2,0.0
1420,Non-Travel,2,1,1,No,1,4,1,0,0,0,0.0
1421,Non-Travel,3,2,1,No,9,5,9,7,0,8,0.0
1422,Travel_Rarely,2,2,2,No,6,3,2,2,2,2,0.0
1423,Travel_Rarely,2,1,1,No,6,3,6,4,0,4,0.0
1424,Travel_Rarely,3,1,4,No,13,2,0,0,0,0,0.0
1426,Travel_Rarely,3,5,4,No,26,3,14,13,4,8,0.0
1427,Travel_Rarely,2,1,3,No,13,2,7,7,5,2,0.0
1429,Travel_Rarely,3,1,1,No,2,3,2,2,2,2,0.0
1431,Travel_Frequently,2,1,7,No,3,3,1,0,0,0,1.0
1432,Travel_Rarely,4,3,0,No,9,3,8,7,0,7,0.0
1433,Travel_Rarely,2,3,5,No,16,5,10,9,4,7,0.0
1434,Travel_Frequently,3,2,0,No,10,2,9,3,1,7,0.0
1435,Travel_Frequently,3,1,0,No,8,2,7,5,1,1,0.0
1436,Travel_Frequently,2,1,9,Yes,3,3,1,0,0,0,1.0
1438,Travel_Frequently,2,2,1,No,10,3,10,7,1,7,0.0
1439,Travel_Rarely,3,1,1,No,1,0,1,0,0,0,0.0
1440,Travel_Rarely,2,1,1,No,1,2,1,0,0,0,0.0
1441,Travel_Rarely,3,1,0,No,6,2,5,2,0,3,1.0
1442,Travel_Rarely,2,1,7,No,6,3,2,2,2,2,0.0
1443,Travel_Rarely,1,2,1,No,17,3,17,11,11,8,0.0
1445,Travel_Rarely,1,5,2,Yes,26,2,24,10,1,11,1.0
1446,Travel_Rarely,4,3,0,Yes,9,4,8,7,1,7,0.0
1447,Non-Travel,1,2,8,No,7,6,2,2,2,2,1.0
1450,Travel_Rarely,3,1,2,No,9,3,3,2,1,2,0.0
1451,Travel_Frequently,2,1,0,No,8,6,7,0,7,7,0.0
1452,Travel_Rarely,4,2,1,Yes,8,3,8,0,7,7,0.0
1453,Travel_Rarely,3,1,1,Yes,8,0,8,7,7,1,0.0
1454,Travel_Frequently,3,2,2,No,19,3,5,4,0,2,0.0
1455,Travel_Rarely,4,2,0,No,10,4,9,7,1,8,0.0
1456,Travel_Rarely,2,3,2,Yes,9,2,5,4,1,0,1.0
1457,Travel_Rarely,3,2,1,No,5,2,5,2,1,3,0.0
1458,Travel_Rarely,2,1,1,Yes,4,3,4,3,0,1,1.0
1459,Travel_Rarely,3,1,1,No,5,2,5,3,0,3,0.0
1460,Travel_Rarely,3,3,9,No,16,5,4,3,0,3,0.0
1461,Non-Travel,4,4,2,No,27,3,5,4,2,1,0.0
1462,Travel_Rarely,3,1,1,No,6,3,5,2,1,3,0.0
1464,Travel_Rarely,3,2,7,No,18,2,14,7,8,10,0.0
1465,Non-Travel,2,3,1,No,10,2,10,7,1,9,1.0
1466,Travel_Rarely,3,3,4,Yes,10,4,1,0,0,0,0.0
1468,Travel_Rarely,3,1,1,Yes,1,4,1,1,0,0,1.0
1469,Non-Travel,3,1,9,No,6,0,4,2,0,0,0.0
1470,Travel_Frequently,1,1,0,No,1,5,0,0,0,0,1.0
